{
  "$schema": "https://quizzme.app/schemas/quiz.schema.json",
  "quizId": "rpg-identity-v2",
  "version": "2.0.0",
  "vertical": "quiz",
  "meta": {
    "title": "Deine Rollenspiel-Seele",
    "subtitle": "Entdecke deine verborgene Klasse – nicht wer du spielst, sondern wer du BIST",
    "slug": "rpg-identity",
    "description": "Welche Rollenspiel-Klasse spiegelt deine wahre Natur wider? Ein psychologisch fundierter Persönlichkeitstest im Fantasy-Gewand.",
    "language": "de-DE",
    "category": "personality",
    "tags": ["rpg", "fantasy", "persoenlichkeit", "klasse", "archetyp"],
    "estimatedTimeSeconds": 180,
    "isExperimental": false,
    "isEnabled": true,
    "defaultReliabilityWeight": 0.7
  },
  "psyche": {
    "enabled": true,
    "dimensions": ["clarity", "courage", "connection", "order", "shadow"],
    "maxAbsoluteMarker": 1.0
  },
  "outputContract": {
    "specVersion": "sp.contribution.v1",
    "requiredPayload": {
      "markers": {
        "description": "Psyche-Marker für LME-Update Pipeline",
        "items": [
          { "id": "marker.psyche.clarity", "range": [-1, 1] },
          { "id": "marker.psyche.courage", "range": [-1, 1] },
          { "id": "marker.psyche.connection", "range": [-1, 1] },
          { "id": "marker.psyche.order", "range": [-1, 1] },
          { "id": "marker.psyche.shadow", "range": [-1, 1] }
        ]
      },
      "traits": {
        "description": "Normierte Trait-Scores 1-100 für Character Sheet UI",
        "items": [
          { "id": "trait.psyche.clarity", "label": "Klarheit", "range": [1, 100] },
          { "id": "trait.psyche.courage", "label": "Mut", "range": [1, 100] },
          { "id": "trait.psyche.connection", "label": "Verbindung", "range": [1, 100] },
          { "id": "trait.psyche.order", "label": "Struktur", "range": [1, 100] },
          { "id": "trait.psyche.shadow", "label": "Schatten", "range": [1, 100] }
        ]
      },
      "tags": {
        "description": "Archetyp- und Shadow-Tags für Profilierung",
        "kinds": ["archetype", "shadow", "style"]
      },
      "unlocks": {
        "description": "Freigeschaltete Wappen/Crests",
        "namespace": "unlock.crests.*"
      }
    }
  },
  "profiles": {
    "warrior": {
      "id": "warrior",
      "title": "DER KRIEGER DES SCHICKSALS",
      "tagline": "Du trägst die Last der Welt auf Schultern aus Stahl.",
      "icon": "⚔️",
      "matchingCriteria": {
        "primaryDimension": "courage",
        "minimumScore": 0.6,
        "tagThreshold": 3
      },
      "unlock": {
        "id": "unlock.crests.iron_will",
        "name": "Eiserner Wille",
        "level": 2
      },
      "compatibility": {
        "allies": ["paladin", "bard"],
        "nemesis": ["shadow"]
      }
    },
    "paladin": {
      "id": "paladin",
      "title": "DER SCHWERTTRÄGER DES LICHTS",
      "tagline": "Du trägst das Gewicht der Welt – und weißt, dass es deine Bestimmung ist.",
      "icon": "🛡️",
      "matchingCriteria": {
        "primaryDimension": "connection",
        "secondaryDimension": "order",
        "minimumScore": 0.5,
        "tagThreshold": 3
      },
      "unlock": {
        "id": "unlock.crests.sacred_oath",
        "name": "Heiliger Eid",
        "level": 3
      },
      "compatibility": {
        "allies": ["warrior", "wizard"],
        "nemesis": ["shadow"]
      }
    },
    "wizard": {
      "id": "wizard",
      "title": "DER HÜTER DES WISSENS",
      "tagline": "In deinem Geist tanzen Wahrheiten, die andere nicht einmal erahnen.",
      "icon": "🔮",
      "matchingCriteria": {
        "primaryDimension": "clarity",
        "secondaryDimension": "order",
        "minimumScore": 0.6,
        "tagThreshold": 3
      },
      "unlock": {
        "id": "unlock.crests.arcane_sight",
        "name": "Arkaner Blick",
        "level": 2
      },
      "compatibility": {
        "allies": ["paladin", "ranger"],
        "nemesis": ["warrior"]
      }
    },
    "bard": {
      "id": "bard",
      "title": "DIE STIMME DER VERBINDUNG",
      "tagline": "Du webst Seelen zusammen, wo andere nur Fremde sehen.",
      "icon": "🎭",
      "matchingCriteria": {
        "primaryDimension": "connection",
        "minimumScore": 0.7,
        "tagThreshold": 3
      },
      "unlock": {
        "id": "unlock.crests.harmony_weaver",
        "name": "Harmonie-Weber",
        "level": 2
      },
      "compatibility": {
        "allies": ["warrior", "ranger"],
        "nemesis": ["wizard"]
      }
    },
    "ranger": {
      "id": "ranger",
      "title": "DER WÄCHTER DER GRENZEN",
      "tagline": "Du siehst die Welt in ihrer wahren Form – roh, real, wunderschön.",
      "icon": "🏹",
      "matchingCriteria": {
        "primaryDimension": "clarity",
        "secondaryDimension": "courage",
        "minimumScore": 0.5,
        "tagThreshold": 3
      },
      "unlock": {
        "id": "unlock.crests.eagle_eye",
        "name": "Adlerauge",
        "level": 2
      },
      "compatibility": {
        "allies": ["wizard", "bard"],
        "nemesis": ["paladin"]
      }
    },
    "shadow": {
      "id": "shadow",
      "title": "DER MEISTER DER SCHATTEN",
      "tagline": "Du tanzt mit der Dunkelheit – und sie tanzt mit dir.",
      "icon": "🌑",
      "matchingCriteria": {
        "primaryDimension": "shadow",
        "minimumScore": 0.4,
        "tagThreshold": 2
      },
      "unlock": {
        "id": "unlock.crests.veil_walker",
        "name": "Schleierwandler",
        "level": 3
      },
      "compatibility": {
        "allies": ["wizard", "ranger"],
        "nemesis": ["paladin", "warrior"]
      }
    }
  },
  "exampleContributionEvent": {
    "specVersion": "sp.contribution.v1",
    "eventId": "example-uuid-1234",
    "occurredAt": "2025-12-15T12:00:00.000Z",
    "source": {
      "vertical": "quiz",
      "moduleId": "quiz.rpg-identity-v2",
      "domain": "quizzme.app",
      "locale": "de-DE",
      "build": "2.0.0"
    },
    "payload": {
      "markers": [
        { "id": "marker.psyche.clarity", "weight": 0.45, "evidence": { "itemsAnswered": 12, "confidence": 0.7 } },
        { "id": "marker.psyche.courage", "weight": 0.72, "evidence": { "itemsAnswered": 12, "confidence": 0.7 } },
        { "id": "marker.psyche.connection", "weight": 0.28, "evidence": { "itemsAnswered": 12, "confidence": 0.7 } },
        { "id": "marker.psyche.order", "weight": 0.35, "evidence": { "itemsAnswered": 12, "confidence": 0.7 } },
        { "id": "marker.psyche.shadow", "weight": 0.15, "evidence": { "itemsAnswered": 12, "confidence": 0.7 } }
      ],
      "traits": [
        { "id": "trait.psyche.clarity", "score": 72, "band": "midhigh", "confidence": 0.7, "method": "scenario" },
        { "id": "trait.psyche.courage", "score": 86, "band": "high", "confidence": 0.7, "method": "scenario" },
        { "id": "trait.psyche.connection", "score": 64, "band": "midhigh", "confidence": 0.7, "method": "scenario" },
        { "id": "trait.psyche.order", "score": 67, "band": "midhigh", "confidence": 0.7, "method": "scenario" },
        { "id": "trait.psyche.shadow", "score": 57, "band": "mid", "confidence": 0.7, "method": "scenario" }
      ],
      "tags": [
        { "id": "tag.archetype.anführer", "label": "Anführer", "kind": "archetype", "weight": 0.8 },
        { "id": "tag.archetype.beschützer", "label": "Beschützer", "kind": "archetype", "weight": 0.8 },
        { "id": "tag.archetype.entschlossen", "label": "Entschlossen", "kind": "archetype", "weight": 0.8 }
      ],
      "unlocks": [
        { "id": "unlock.crests.iron_will", "unlocked": true, "unlockedAt": "2025-12-15T12:00:00.000Z", "level": 2, "sourceRef": "rpg-identity-v2" }
      ],
      "summary": {
        "title": "DER KRIEGER DES SCHICKSALS",
        "bullets": [
          "Du trägst die Last der Welt auf Schultern aus Stahl.",
          "Primäre Stärke: Kampfgeist",
          "Verbündete: Paladin, Bard"
        ],
        "resultId": "warrior"
      }
    }
  }
}
